;FEATURES;TRAIN DATE;TEST DATE;MODEL;MODEL_DESCRIPTION;FORECAST_HORIZON;PAST_HISTORY;NORMALIZATION;TRAINING_TIME;TEST_TIME;mape;mae
0;['hora_sin' 'hora_cos' 'diasemana_sin' 'diasemana_cos' 'precio_electricidad'];2021-12-01 00:00:00 - 2022-12-01 00:00:00;2022-12-01 00:00:00 - 2022-12-23 00:00:00;m5p;(10 25);24;24;zscore;7.044708251953125;0.3390617370605469;44.81917056806043;42.19572825564863
1;['hora_sin' 'hora_cos' 'diasemana_sin' 'diasemana_cos' 'precio_electricidad'];2021-12-01 00:00:00 - 2022-12-01 00:00:00;2022-12-01 00:00:00 - 2022-12-23 00:00:00;m5p;(10 25);24;48;zscore;8.035293817520142;0.2398674488067627;51.99804915890397;47.16615450641682
2;['hora_sin' 'hora_cos' 'diasemana_sin' 'diasemana_cos' 'precio_electricidad'];2021-12-01 00:00:00 - 2022-12-01 00:00:00;2022-12-01 00:00:00 - 2022-12-23 00:00:00;m5p;(10 25);24;72;zscore;9.249048233032228;0.4308450222015381;56.15278689053514;46.729897549508166
3;['hora_sin' 'hora_cos' 'diasemana_sin' 'diasemana_cos' 'precio_electricidad'];2021-12-01 00:00:00 - 2022-12-01 00:00:00;2022-12-01 00:00:00 - 2022-12-23 00:00:00;m5p;(10 25);24;168;zscore;14.251821279525757;0.3747520446777344;67.18097279758406;47.56568539920291
4;['hora_sin' 'hora_cos' 'diasemana_sin' 'diasemana_cos' 'precio_electricidad'];2021-12-01 00:00:00 - 2022-12-01 00:00:00;2022-12-01 00:00:00 - 2022-12-23 00:00:00;rf;(300 10 4 1);24;24;zscore;10.190578699111938;0.0440025329589843;46.3047491089494;41.63194118296258
5;['hora_sin' 'hora_cos' 'diasemana_sin' 'diasemana_cos' 'precio_electricidad'];2021-12-01 00:00:00 - 2022-12-01 00:00:00;2022-12-01 00:00:00 - 2022-12-23 00:00:00;rf;(300 10 4 1);24;48;zscore;22.173659324646;0.0440502166748046;54.34399135378985;46.246926611753146
6;['hora_sin' 'hora_cos' 'diasemana_sin' 'diasemana_cos' 'precio_electricidad'];2021-12-01 00:00:00 - 2022-12-01 00:00:00;2022-12-01 00:00:00 - 2022-12-23 00:00:00;rf;(300 10 4 1);24;72;zscore;33.09017634391785;0.0444884300231933;57.59677241282872;46.159938954013576
7;['hora_sin' 'hora_cos' 'diasemana_sin' 'diasemana_cos' 'precio_electricidad'];2021-12-01 00:00:00 - 2022-12-01 00:00:00;2022-12-01 00:00:00 - 2022-12-23 00:00:00;rf;(300 10 4 1);24;168;zscore;77.30481791496277;0.0552778244018554;69.86336031574031;46.923095979562525
8;['hora_sin' 'hora_cos' 'diasemana_sin' 'diasemana_cos' 'precio_electricidad'];2021-12-01 00:00:00 - 2022-12-01 00:00:00;2022-12-01 00:00:00 - 2022-12-23 00:00:00;xgb;('gbtree' 300 10 0.8 0.8 6);24;24;zscore;57.85288953781128;0.0195906162261962;47.448965889632944;47.46882304422907
9;['hora_sin' 'hora_cos' 'diasemana_sin' 'diasemana_cos' 'precio_electricidad'];2021-12-01 00:00:00 - 2022-12-01 00:00:00;2022-12-01 00:00:00 - 2022-12-23 00:00:00;xgb;('gbtree' 300 10 0.8 0.8 6);24;48;zscore;103.34098863601685;0.0174622535705566;52.72516740472318;48.50939018486149
10;['hora_sin' 'hora_cos' 'diasemana_sin' 'diasemana_cos' 'precio_electricidad'];2021-12-01 00:00:00 - 2022-12-01 00:00:00;2022-12-01 00:00:00 - 2022-12-23 00:00:00;xgb;('gbtree' 300 10 0.8 0.8 6);24;72;zscore;145.82294154167175;0.0188159942626953;56.239663455594325;48.1412137411217
11;['hora_sin' 'hora_cos' 'diasemana_sin' 'diasemana_cos' 'precio_electricidad'];2021-12-01 00:00:00 - 2022-12-01 00:00:00;2022-12-01 00:00:00 - 2022-12-23 00:00:00;xgb;('gbtree' 300 10 0.8 0.8 6);24;168;zscore;317.376428604126;0.0224642753601074;70.20944271349708;50.81431725765299
12;['demanda_electrica' 'hora_sin' 'hora_cos' 'diasemana_sin' 'diasemana_cos' 'precio_electricidad'];2021-12-01 00:00:00 - 2022-12-01 00:00:00;2022-12-01 00:00:00 - 2022-12-23 00:00:00;m5p;(10 25);24;24;zscore;8.292330503463745;0.3396303653717041;44.659217191046096;42.374386957186815
13;['demanda_electrica' 'hora_sin' 'hora_cos' 'diasemana_sin' 'diasemana_cos' 'precio_electricidad'];2021-12-01 00:00:00 - 2022-12-01 00:00:00;2022-12-01 00:00:00 - 2022-12-23 00:00:00;m5p;(10 25);24;48;zscore;9.484894275665283;0.3272798061370849;54.17506536355595;48.18380313608149
14;['demanda_electrica' 'hora_sin' 'hora_cos' 'diasemana_sin' 'diasemana_cos' 'precio_electricidad'];2021-12-01 00:00:00 - 2022-12-01 00:00:00;2022-12-01 00:00:00 - 2022-12-23 00:00:00;m5p;(10 25);24;72;zscore;11.557104587554932;0.4169995784759521;58.2481182744989;48.29841508823593
15;['demanda_electrica' 'hora_sin' 'hora_cos' 'diasemana_sin' 'diasemana_cos' 'precio_electricidad'];2021-12-01 00:00:00 - 2022-12-01 00:00:00;2022-12-01 00:00:00 - 2022-12-23 00:00:00;m5p;(10 25);24;168;zscore;19.178835153579712;0.4342682361602783;68.90238737894242;49.840670075460665
16;['demanda_electrica' 'hora_sin' 'hora_cos' 'diasemana_sin' 'diasemana_cos' 'precio_electricidad'];2021-12-01 00:00:00 - 2022-12-01 00:00:00;2022-12-01 00:00:00 - 2022-12-23 00:00:00;rf;(300 10 4 1);24;24;zscore;16.57381319999695;0.0435764789581298;45.87719512813636;40.90182985324578
17;['demanda_electrica' 'hora_sin' 'hora_cos' 'diasemana_sin' 'diasemana_cos' 'precio_electricidad'];2021-12-01 00:00:00 - 2022-12-01 00:00:00;2022-12-01 00:00:00 - 2022-12-23 00:00:00;rf;(300 10 4 1);24;48;zscore;33.44939589500427;0.044323444366455;54.64603567170401;46.38254637969616
18;['demanda_electrica' 'hora_sin' 'hora_cos' 'diasemana_sin' 'diasemana_cos' 'precio_electricidad'];2021-12-01 00:00:00 - 2022-12-01 00:00:00;2022-12-01 00:00:00 - 2022-12-23 00:00:00;rf;(300 10 4 1);24;72;zscore;52.16886758804321;0.0591261386871337;58.82326739903195;46.99468321030895
19;['demanda_electrica' 'hora_sin' 'hora_cos' 'diasemana_sin' 'diasemana_cos' 'precio_electricidad'];2021-12-01 00:00:00 - 2022-12-01 00:00:00;2022-12-01 00:00:00 - 2022-12-23 00:00:00;rf;(300 10 4 1);24;168;zscore;116.83651638031006;0.049145221710205;71.11178172880497;48.07451749283912
20;['demanda_electrica' 'hora_sin' 'hora_cos' 'diasemana_sin' 'diasemana_cos' 'precio_electricidad'];2021-12-01 00:00:00 - 2022-12-01 00:00:00;2022-12-01 00:00:00 - 2022-12-23 00:00:00;xgb;('gbtree' 300 10 0.8 0.8 6);24;24;zscore;78.69106364250183;0.0192904472351074;53.38615739520493;50.91336619492118
21;['demanda_electrica' 'hora_sin' 'hora_cos' 'diasemana_sin' 'diasemana_cos' 'precio_electricidad'];2021-12-01 00:00:00 - 2022-12-01 00:00:00;2022-12-01 00:00:00 - 2022-12-23 00:00:00;xgb;('gbtree' 300 10 0.8 0.8 6);24;48;zscore;145.84512329101562;0.0153784751892089;56.780782675419786;51.3880632224033
22;['demanda_electrica' 'hora_sin' 'hora_cos' 'diasemana_sin' 'diasemana_cos' 'precio_electricidad'];2021-12-01 00:00:00 - 2022-12-01 00:00:00;2022-12-01 00:00:00 - 2022-12-23 00:00:00;xgb;('gbtree' 300 10 0.8 0.8 6);24;72;zscore;210.1223704814911;0.0192842483520507;60.00761184932519;51.443182951307975
23;['demanda_electrica' 'hora_sin' 'hora_cos' 'diasemana_sin' 'diasemana_cos' 'precio_electricidad'];2021-12-01 00:00:00 - 2022-12-01 00:00:00;2022-12-01 00:00:00 - 2022-12-23 00:00:00;xgb;('gbtree' 300 10 0.8 0.8 6);24;168;zscore;470.7888386249542;0.0189290046691894;74.89461965908978;54.82689976374307
24;['demanda_electrica' 'generacion_solar' 'generacion_eolica' 'hora_sin' 'hora_cos' 'diasemana_sin' 'diasemana_cos' 'precio_electricidad'];2021-12-01 00:00:00 - 2022-12-01 00:00:00;2022-12-01 00:00:00 - 2022-12-23 00:00:00;m5p;(10 25);24;24;zscore;9.788382291793823;0.3718347549438476;43.804234490905;41.40359937491398
25;['demanda_electrica' 'generacion_solar' 'generacion_eolica' 'hora_sin' 'hora_cos' 'diasemana_sin' 'diasemana_cos' 'precio_electricidad'];2021-12-01 00:00:00 - 2022-12-01 00:00:00;2022-12-01 00:00:00 - 2022-12-23 00:00:00;m5p;(10 25);24;48;zscore;12.168630599975586;0.4103374481201172;51.52946394658636;46.32711880529936
26;['demanda_electrica' 'generacion_solar' 'generacion_eolica' 'hora_sin' 'hora_cos' 'diasemana_sin' 'diasemana_cos' 'precio_electricidad'];2021-12-01 00:00:00 - 2022-12-01 00:00:00;2022-12-01 00:00:00 - 2022-12-23 00:00:00;m5p;(10 25);24;72;zscore;15.365766286849976;0.4304511547088623;54.68530787742764;46.67943618999149
27;['demanda_electrica' 'generacion_solar' 'generacion_eolica' 'hora_sin' 'hora_cos' 'diasemana_sin' 'diasemana_cos' 'precio_electricidad'];2021-12-01 00:00:00 - 2022-12-01 00:00:00;2022-12-01 00:00:00 - 2022-12-23 00:00:00;m5p;(10 25);24;168;zscore;27.29671788215637;0.498333215713501;63.72890207814963;47.01440866979934
28;['demanda_electrica' 'generacion_solar' 'generacion_eolica' 'hora_sin' 'hora_cos' 'diasemana_sin' 'diasemana_cos' 'precio_electricidad'];2021-12-01 00:00:00 - 2022-12-01 00:00:00;2022-12-01 00:00:00 - 2022-12-23 00:00:00;rf;(300 10 4 1);24;24;zscore;28.041055917739868;0.0446245670318603;45.331833539860206;40.14329917608492
29;['demanda_electrica' 'generacion_solar' 'generacion_eolica' 'hora_sin' 'hora_cos' 'diasemana_sin' 'diasemana_cos' 'precio_electricidad'];2021-12-01 00:00:00 - 2022-12-01 00:00:00;2022-12-01 00:00:00 - 2022-12-23 00:00:00;rf;(300 10 4 1);24;48;zscore;55.91814589500427;0.0544743537902832;53.590082283072704;45.51755171919319
30;['demanda_electrica' 'generacion_solar' 'generacion_eolica' 'hora_sin' 'hora_cos' 'diasemana_sin' 'diasemana_cos' 'precio_electricidad'];2021-12-01 00:00:00 - 2022-12-01 00:00:00;2022-12-01 00:00:00 - 2022-12-23 00:00:00;rf;(300 10 4 1);24;72;zscore;86.29496598243713;0.0551366806030273;56.80180170317891;45.63476886013797
31;['demanda_electrica' 'generacion_solar' 'generacion_eolica' 'hora_sin' 'hora_cos' 'diasemana_sin' 'diasemana_cos' 'precio_electricidad'];2021-12-01 00:00:00 - 2022-12-01 00:00:00;2022-12-01 00:00:00 - 2022-12-23 00:00:00;rf;(300 10 4 1);24;168;zscore;200.8098361492157;0.0547125339508056;69.04430652619976;47.39344886115545
32;['demanda_electrica' 'generacion_solar' 'generacion_eolica' 'hora_sin' 'hora_cos' 'diasemana_sin' 'diasemana_cos' 'precio_electricidad'];2021-12-01 00:00:00 - 2022-12-01 00:00:00;2022-12-01 00:00:00 - 2022-12-23 00:00:00;xgb;('gbtree' 300 10 0.8 0.8 6);24;24;zscore;121.82351541519164;0.0173709392547607;48.76265072805732;46.11246112417668
33;['demanda_electrica' 'generacion_solar' 'generacion_eolica' 'hora_sin' 'hora_cos' 'diasemana_sin' 'diasemana_cos' 'precio_electricidad'];2021-12-01 00:00:00 - 2022-12-01 00:00:00;2022-12-01 00:00:00 - 2022-12-23 00:00:00;xgb;('gbtree' 300 10 0.8 0.8 6);24;48;zscore;227.0788161754608;0.0169370174407959;50.93984519328085;47.17665364323888
34;['demanda_electrica' 'generacion_solar' 'generacion_eolica' 'hora_sin' 'hora_cos' 'diasemana_sin' 'diasemana_cos' 'precio_electricidad'];2021-12-01 00:00:00 - 2022-12-01 00:00:00;2022-12-01 00:00:00 - 2022-12-23 00:00:00;xgb;('gbtree' 300 10 0.8 0.8 6);24;72;zscore;333.44863629341125;0.0175797939300537;54.05898698635082;46.825781148877375
35;['demanda_electrica' 'generacion_solar' 'generacion_eolica' 'hora_sin' 'hora_cos' 'diasemana_sin' 'diasemana_cos' 'precio_electricidad'];2021-12-01 00:00:00 - 2022-12-01 00:00:00;2022-12-01 00:00:00 - 2022-12-23 00:00:00;xgb;('gbtree' 300 10 0.8 0.8 6);24;168;zscore;754.869793176651;0.027519941329956;69.9316265698429;51.46545964535516
36;['demanda_electrica' 'generacion_solar' 'generacion_eolica' 'precio_gas' 'hora_sin' 'hora_cos' 'diasemana_sin' 'diasemana_cos' 'precio_electricidad'];2021-12-01 00:00:00 - 2022-12-01 00:00:00;2022-12-01 00:00:00 - 2022-12-23 00:00:00;m5p;(10 25);24;24;zscore;10.478103637695312;0.2755229473114013;66.5559874542198;57.20873580240672
37;['demanda_electrica' 'generacion_solar' 'generacion_eolica' 'precio_gas' 'hora_sin' 'hora_cos' 'diasemana_sin' 'diasemana_cos' 'precio_electricidad'];2021-12-01 00:00:00 - 2022-12-01 00:00:00;2022-12-01 00:00:00 - 2022-12-23 00:00:00;m5p;(10 25);24;48;zscore;12.7240731716156;0.3700246810913086;66.7815668356813;55.78267291039207
38;['demanda_electrica' 'generacion_solar' 'generacion_eolica' 'precio_gas' 'hora_sin' 'hora_cos' 'diasemana_sin' 'diasemana_cos' 'precio_electricidad'];2021-12-01 00:00:00 - 2022-12-01 00:00:00;2022-12-01 00:00:00 - 2022-12-23 00:00:00;m5p;(10 25);24;72;zscore;16.17991018295288;0.4173617362976074;70.16154320891;57.02596127990113
39;['demanda_electrica' 'generacion_solar' 'generacion_eolica' 'precio_gas' 'hora_sin' 'hora_cos' 'diasemana_sin' 'diasemana_cos' 'precio_electricidad'];2021-12-01 00:00:00 - 2022-12-01 00:00:00;2022-12-01 00:00:00 - 2022-12-23 00:00:00;m5p;(10 25);24;168;zscore;30.009654998779297;0.4140942096710205;79.848701799111;56.277676553142015
40;['demanda_electrica' 'generacion_solar' 'generacion_eolica' 'precio_gas' 'hora_sin' 'hora_cos' 'diasemana_sin' 'diasemana_cos' 'precio_electricidad'];2021-12-01 00:00:00 - 2022-12-01 00:00:00;2022-12-01 00:00:00 - 2022-12-23 00:00:00;rf;(300 10 4 1);24;24;zscore;31.37836647033692;0.0734319686889648;73.56401161011134;61.8836912076169
41;['demanda_electrica' 'generacion_solar' 'generacion_eolica' 'precio_gas' 'hora_sin' 'hora_cos' 'diasemana_sin' 'diasemana_cos' 'precio_electricidad'];2021-12-01 00:00:00 - 2022-12-01 00:00:00;2022-12-01 00:00:00 - 2022-12-23 00:00:00;rf;(300 10 4 1);24;48;zscore;63.633638858795166;0.0539526939392089;77.51324608650845;64.15652687453766
42;['demanda_electrica' 'generacion_solar' 'generacion_eolica' 'precio_gas' 'hora_sin' 'hora_cos' 'diasemana_sin' 'diasemana_cos' 'precio_electricidad'];2021-12-01 00:00:00 - 2022-12-01 00:00:00;2022-12-01 00:00:00 - 2022-12-23 00:00:00;rf;(300 10 4 1);24;72;zscore;93.92762327194214;0.0446829795837402;80.2040074687709;64.9175440005022
43;['demanda_electrica' 'generacion_solar' 'generacion_eolica' 'precio_gas' 'hora_sin' 'hora_cos' 'diasemana_sin' 'diasemana_cos' 'precio_electricidad'];2021-12-01 00:00:00 - 2022-12-01 00:00:00;2022-12-01 00:00:00 - 2022-12-23 00:00:00;rf;(300 10 4 1);24;168;zscore;217.49102973937988;0.0553624629974365;98.56277260616376;72.26149631335322
44;['demanda_electrica' 'generacion_solar' 'generacion_eolica' 'precio_gas' 'hora_sin' 'hora_cos' 'diasemana_sin' 'diasemana_cos' 'precio_electricidad'];2021-12-01 00:00:00 - 2022-12-01 00:00:00;2022-12-01 00:00:00 - 2022-12-23 00:00:00;xgb;('gbtree' 300 10 0.8 0.8 6);24;24;zscore;130.39690613746643;0.0150861740112304;67.12146190888934;58.65445642300869
45;['demanda_electrica' 'generacion_solar' 'generacion_eolica' 'precio_gas' 'hora_sin' 'hora_cos' 'diasemana_sin' 'diasemana_cos' 'precio_electricidad'];2021-12-01 00:00:00 - 2022-12-01 00:00:00;2022-12-01 00:00:00 - 2022-12-23 00:00:00;xgb;('gbtree' 300 10 0.8 0.8 6);24;48;zscore;247.10042023658752;0.0197422504425048;64.8198923986156;56.3844490412782
46;['demanda_electrica' 'generacion_solar' 'generacion_eolica' 'precio_gas' 'hora_sin' 'hora_cos' 'diasemana_sin' 'diasemana_cos' 'precio_electricidad'];2021-12-01 00:00:00 - 2022-12-01 00:00:00;2022-12-01 00:00:00 - 2022-12-23 00:00:00;xgb;('gbtree' 300 10 0.8 0.8 6);24;72;zscore;355.6660747528076;0.0198554992675781;60.13844769675509;48.829975250720224
47;['demanda_electrica' 'generacion_solar' 'generacion_eolica' 'precio_gas' 'hora_sin' 'hora_cos' 'diasemana_sin' 'diasemana_cos' 'precio_electricidad'];2021-12-01 00:00:00 - 2022-12-01 00:00:00;2022-12-01 00:00:00 - 2022-12-23 00:00:00;xgb;('gbtree' 300 10 0.8 0.8 6);24;168;zscore;806.5148093700409;0.0233645439147949;76.19863315103501;55.16212293168518
48;['demanda_electrica' 'generacion_solar' 'generacion_eolica' 'precio_gas' 'tmin_sevilla' 'tmax_sevilla' 'tmax_barcelona' 'tmin_barcelona' 'tmax_madrid' 'tmin_madrid' 'tmax_valencia' 'tmin_valencia' 'hora_sin' 'hora_cos' 'diasemana_sin' 'diasemana_cos' 'precio_electricidad'];2021-12-01 00:00:00 - 2022-12-01 00:00:00;2022-12-01 00:00:00 - 2022-12-23 00:00:00;m5p;(10 25);24;24;zscore;12.354515075683594;0.4189567565917969;72.16440529296942;64.25041290757639
49;['demanda_electrica' 'generacion_solar' 'generacion_eolica' 'precio_gas' 'tmin_sevilla' 'tmax_sevilla' 'tmax_barcelona' 'tmin_barcelona' 'tmax_madrid' 'tmin_madrid' 'tmax_valencia' 'tmin_valencia' 'hora_sin' 'hora_cos' 'diasemana_sin' 'diasemana_cos' 'precio_electricidad'];2021-12-01 00:00:00 - 2022-12-01 00:00:00;2022-12-01 00:00:00 - 2022-12-23 00:00:00;m5p;(10 25);24;48;zscore;17.414104461669922;0.4473984241485595;72.90202423547672;63.12369674957431
50;['demanda_electrica' 'generacion_solar' 'generacion_eolica' 'precio_gas' 'tmin_sevilla' 'tmax_sevilla' 'tmax_barcelona' 'tmin_barcelona' 'tmax_madrid' 'tmin_madrid' 'tmax_valencia' 'tmin_valencia' 'hora_sin' 'hora_cos' 'diasemana_sin' 'diasemana_cos' 'precio_electricidad'];2021-12-01 00:00:00 - 2022-12-01 00:00:00;2022-12-01 00:00:00 - 2022-12-23 00:00:00;m5p;(10 25);24;72;zscore;22.970218420028687;0.4513218402862549;75.18303015074889;62.60575619280603
51;['demanda_electrica' 'generacion_solar' 'generacion_eolica' 'precio_gas' 'tmin_sevilla' 'tmax_sevilla' 'tmax_barcelona' 'tmin_barcelona' 'tmax_madrid' 'tmin_madrid' 'tmax_valencia' 'tmin_valencia' 'hora_sin' 'hora_cos' 'diasemana_sin' 'diasemana_cos' 'precio_electricidad'];2021-12-01 00:00:00 - 2022-12-01 00:00:00;2022-12-01 00:00:00 - 2022-12-23 00:00:00;m5p;(10 25);24;168;zscore;45.09892630577088;0.4225077629089355;85.5053144211899;61.52993902819062
52;['demanda_electrica' 'generacion_solar' 'generacion_eolica' 'precio_gas' 'tmin_sevilla' 'tmax_sevilla' 'tmax_barcelona' 'tmin_barcelona' 'tmax_madrid' 'tmin_madrid' 'tmax_valencia' 'tmin_valencia' 'hora_sin' 'hora_cos' 'diasemana_sin' 'diasemana_cos' 'precio_electricidad'];2021-12-01 00:00:00 - 2022-12-01 00:00:00;2022-12-01 00:00:00 - 2022-12-23 00:00:00;rf;(300 10 4 1);24;24;zscore;50.49078178405762;0.0443410873413085;89.57240130085457;80.43539173796734
53;['demanda_electrica' 'generacion_solar' 'generacion_eolica' 'precio_gas' 'tmin_sevilla' 'tmax_sevilla' 'tmax_barcelona' 'tmin_barcelona' 'tmax_madrid' 'tmin_madrid' 'tmax_valencia' 'tmin_valencia' 'hora_sin' 'hora_cos' 'diasemana_sin' 'diasemana_cos' 'precio_electricidad'];2021-12-01 00:00:00 - 2022-12-01 00:00:00;2022-12-01 00:00:00 - 2022-12-23 00:00:00;rf;(300 10 4 1);24;48;zscore;99.30060911178587;0.0699598789215087;92.77905422041717;81.72960787075738
54;['demanda_electrica' 'generacion_solar' 'generacion_eolica' 'precio_gas' 'tmin_sevilla' 'tmax_sevilla' 'tmax_barcelona' 'tmin_barcelona' 'tmax_madrid' 'tmin_madrid' 'tmax_valencia' 'tmin_valencia' 'hora_sin' 'hora_cos' 'diasemana_sin' 'diasemana_cos' 'precio_electricidad'];2021-12-01 00:00:00 - 2022-12-01 00:00:00;2022-12-01 00:00:00 - 2022-12-23 00:00:00;rf;(300 10 4 1);24;72;zscore;152.4743320941925;0.0444421768188476;95.41475126377463;82.91977455215786
55;['demanda_electrica' 'generacion_solar' 'generacion_eolica' 'precio_gas' 'tmin_sevilla' 'tmax_sevilla' 'tmax_barcelona' 'tmin_barcelona' 'tmax_madrid' 'tmin_madrid' 'tmax_valencia' 'tmin_valencia' 'hora_sin' 'hora_cos' 'diasemana_sin' 'diasemana_cos' 'precio_electricidad'];2021-12-01 00:00:00 - 2022-12-01 00:00:00;2022-12-01 00:00:00 - 2022-12-23 00:00:00;rf;(300 10 4 1);24;168;zscore;346.1811807155609;0.0556225776672363;120.72577955577496;98.1385752530299
56;['demanda_electrica' 'generacion_solar' 'generacion_eolica' 'precio_gas' 'tmin_sevilla' 'tmax_sevilla' 'tmax_barcelona' 'tmin_barcelona' 'tmax_madrid' 'tmin_madrid' 'tmax_valencia' 'tmin_valencia' 'hora_sin' 'hora_cos' 'diasemana_sin' 'diasemana_cos' 'precio_electricidad'];2021-12-01 00:00:00 - 2022-12-01 00:00:00;2022-12-01 00:00:00 - 2022-12-23 00:00:00;xgb;('gbtree' 300 10 0.8 0.8 6);24;24;zscore;181.98563385009768;0.0184180736541748;65.23738387961839;57.88519082801224
57;['demanda_electrica' 'generacion_solar' 'generacion_eolica' 'precio_gas' 'tmin_sevilla' 'tmax_sevilla' 'tmax_barcelona' 'tmin_barcelona' 'tmax_madrid' 'tmin_madrid' 'tmax_valencia' 'tmin_valencia' 'hora_sin' 'hora_cos' 'diasemana_sin' 'diasemana_cos' 'precio_electricidad'];2021-12-01 00:00:00 - 2022-12-01 00:00:00;2022-12-01 00:00:00 - 2022-12-23 00:00:00;xgb;('gbtree' 300 10 0.8 0.8 6);24;48;zscore;351.82879662513733;0.0226542949676513;64.94326927326605;56.18766730766126
58;['demanda_electrica' 'generacion_solar' 'generacion_eolica' 'precio_gas' 'tmin_sevilla' 'tmax_sevilla' 'tmax_barcelona' 'tmin_barcelona' 'tmax_madrid' 'tmin_madrid' 'tmax_valencia' 'tmin_valencia' 'hora_sin' 'hora_cos' 'diasemana_sin' 'diasemana_cos' 'precio_electricidad'];2021-12-01 00:00:00 - 2022-12-01 00:00:00;2022-12-01 00:00:00 - 2022-12-23 00:00:00;xgb;('gbtree' 300 10 0.8 0.8 6);24;72;zscore;515.4399094581604;0.0238373279571533;65.99265260588109;54.17641334847063
59;['demanda_electrica' 'generacion_solar' 'generacion_eolica' 'precio_gas' 'tmin_sevilla' 'tmax_sevilla' 'tmax_barcelona' 'tmin_barcelona' 'tmax_madrid' 'tmin_madrid' 'tmax_valencia' 'tmin_valencia' 'hora_sin' 'hora_cos' 'diasemana_sin' 'diasemana_cos' 'precio_electricidad'];2021-12-01 00:00:00 - 2022-12-01 00:00:00;2022-12-01 00:00:00 - 2022-12-23 00:00:00;xgb;('gbtree' 300 10 0.8 0.8 6);24;168;zscore;1174.566526889801;0.0272743701934814;78.85273478602734;57.43373717614234
60;['demanda_electrica' 'hora_sin' 'hora_cos' 'diasemana_sin' 'diasemana_cos' 'precio_electricidad'];2021-12-01 00:00:00 - 2022-12-01 00:00:00;2022-12-01 00:00:00 - 2022-12-23 00:00:00;m5p;(10 25);24;24;zscore;9.038055896759031;0.2878549098968506;43.84119374222945;42.04892266214701
61;['demanda_electrica' 'hora_sin' 'hora_cos' 'diasemana_sin' 'diasemana_cos' 'precio_electricidad'];2021-12-01 00:00:00 - 2022-12-01 00:00:00;2022-12-01 00:00:00 - 2022-12-23 00:00:00;m5p;(10 25);24;48;zscore;9.990755558013916;0.3624968528747558;53.9846393277583;48.1830776449285
62;['demanda_electrica' 'hora_sin' 'hora_cos' 'diasemana_sin' 'diasemana_cos' 'precio_electricidad'];2021-12-01 00:00:00 - 2022-12-01 00:00:00;2022-12-01 00:00:00 - 2022-12-23 00:00:00;m5p;(10 25);24;72;zscore;12.236252069473268;0.3632097244262695;58.09273986548913;48.79509057029176
63;['demanda_electrica' 'hora_sin' 'hora_cos' 'diasemana_sin' 'diasemana_cos' 'precio_electricidad'];2021-12-01 00:00:00 - 2022-12-01 00:00:00;2022-12-01 00:00:00 - 2022-12-23 00:00:00;m5p;(10 25);24;168;zscore;20.185749292373657;0.3901834487915039;70.21068547518182;51.27985330367552
64;['demanda_electrica' 'hora_sin' 'hora_cos' 'diasemana_sin' 'diasemana_cos' 'precio_electricidad'];2021-12-01 00:00:00 - 2022-12-01 00:00:00;2022-12-01 00:00:00 - 2022-12-23 00:00:00;rf;(300 10 4 1);24;24;zscore;22.357167959213257;0.0439734458923339;45.82491152926695;40.52219633170176
65;['demanda_electrica' 'hora_sin' 'hora_cos' 'diasemana_sin' 'diasemana_cos' 'precio_electricidad'];2021-12-01 00:00:00 - 2022-12-01 00:00:00;2022-12-01 00:00:00 - 2022-12-23 00:00:00;rf;(300 10 4 1);24;48;zscore;40.16287779808045;0.0442802906036376;54.672175075760784;45.29122081172414
66;['demanda_electrica' 'hora_sin' 'hora_cos' 'diasemana_sin' 'diasemana_cos' 'precio_electricidad'];2021-12-01 00:00:00 - 2022-12-01 00:00:00;2022-12-01 00:00:00 - 2022-12-23 00:00:00;rf;(300 10 4 1);24;72;zscore;56.99434733390808;0.0444049835205078;58.638532020979405;46.047423129549934
67;['demanda_electrica' 'hora_sin' 'hora_cos' 'diasemana_sin' 'diasemana_cos' 'precio_electricidad'];2021-12-01 00:00:00 - 2022-12-01 00:00:00;2022-12-01 00:00:00 - 2022-12-23 00:00:00;rf;(300 10 4 1);24;168;zscore;122.32944941520692;0.0441224575042724;71.39524847599935;48.01048924584241
68;['demanda_electrica' 'hora_sin' 'hora_cos' 'diasemana_sin' 'diasemana_cos' 'precio_electricidad'];2021-12-01 00:00:00 - 2022-12-01 00:00:00;2022-12-01 00:00:00 - 2022-12-23 00:00:00;xgb;('gbtree' 300 10 0.8 0.8 6);24;24;zscore;102.6337218284607;0.0149986743927001;50.73092566794128;48.388881651993344
69;['demanda_electrica' 'hora_sin' 'hora_cos' 'diasemana_sin' 'diasemana_cos' 'precio_electricidad'];2021-12-01 00:00:00 - 2022-12-01 00:00:00;2022-12-01 00:00:00 - 2022-12-23 00:00:00;xgb;('gbtree' 300 10 0.8 0.8 6);24;48;zscore;165.55017566680908;0.0254647731781005;56.019401981763245;49.66277231644087
70;['demanda_electrica' 'hora_sin' 'hora_cos' 'diasemana_sin' 'diasemana_cos' 'precio_electricidad'];2021-12-01 00:00:00 - 2022-12-01 00:00:00;2022-12-01 00:00:00 - 2022-12-23 00:00:00;xgb;('gbtree' 300 10 0.8 0.8 6);24;72;zscore;230.60104966163635;0.016787052154541;59.30204619358919;50.577726817771335
71;['demanda_electrica' 'hora_sin' 'hora_cos' 'diasemana_sin' 'diasemana_cos' 'precio_electricidad'];2021-12-01 00:00:00 - 2022-12-01 00:00:00;2022-12-01 00:00:00 - 2022-12-23 00:00:00;xgb;('gbtree' 300 10 0.8 0.8 6);24;168;zscore;489.2495012283325;0.0228617191314697;74.13944136263765;54.59463499970232
72;['demanda_electrica' 'generacion_solar' 'generacion_eolica' 'precio_gas' 'hora_sin' 'hora_cos' 'diasemana_sin' 'diasemana_cos' 'precio_electricidad'];2021-12-01 00:00:00 - 2022-12-01 00:00:00;2022-12-01 00:00:00 - 2022-12-23 00:00:00;m5p;(10 25);24;24;zscore;11.432318687438965;0.3767735958099365;67.64718491416072;57.08089697290543
73;['demanda_electrica' 'generacion_solar' 'generacion_eolica' 'precio_gas' 'hora_sin' 'hora_cos' 'diasemana_sin' 'diasemana_cos' 'precio_electricidad'];2021-12-01 00:00:00 - 2022-12-01 00:00:00;2022-12-01 00:00:00 - 2022-12-23 00:00:00;m5p;(10 25);24;48;zscore;13.672452211380005;0.3991563320159912;67.08283041048529;55.8526169082201
74;['demanda_electrica' 'generacion_solar' 'generacion_eolica' 'precio_gas' 'hora_sin' 'hora_cos' 'diasemana_sin' 'diasemana_cos' 'precio_electricidad'];2021-12-01 00:00:00 - 2022-12-01 00:00:00;2022-12-01 00:00:00 - 2022-12-23 00:00:00;m5p;(10 25);24;72;zscore;17.00273108482361;0.4537956714630127;68.09092332050352;54.64550373136476
75;['demanda_electrica' 'generacion_solar' 'generacion_eolica' 'precio_gas' 'hora_sin' 'hora_cos' 'diasemana_sin' 'diasemana_cos' 'precio_electricidad'];2021-12-01 00:00:00 - 2022-12-01 00:00:00;2022-12-01 00:00:00 - 2022-12-23 00:00:00;m5p;(10 25);24;168;zscore;30.92078447341919;0.443453311920166;77.9085614632673;54.82081256635169
76;['demanda_electrica' 'generacion_solar' 'generacion_eolica' 'precio_gas' 'hora_sin' 'hora_cos' 'diasemana_sin' 'diasemana_cos' 'precio_electricidad'];2021-12-01 00:00:00 - 2022-12-01 00:00:00;2022-12-01 00:00:00 - 2022-12-23 00:00:00;rf;(300 10 4 1);24;24;zscore;39.020772218704224;0.0442662239074707;76.43338391414552;63.96336830454316
77;['demanda_electrica' 'generacion_solar' 'generacion_eolica' 'precio_gas' 'hora_sin' 'hora_cos' 'diasemana_sin' 'diasemana_cos' 'precio_electricidad'];2021-12-01 00:00:00 - 2022-12-01 00:00:00;2022-12-01 00:00:00 - 2022-12-23 00:00:00;rf;(300 10 4 1);24;48;zscore;71.31717991828918;0.0444650650024414;79.57385538552211;65.79730017487987
78;['demanda_electrica' 'generacion_solar' 'generacion_eolica' 'precio_gas' 'hora_sin' 'hora_cos' 'diasemana_sin' 'diasemana_cos' 'precio_electricidad'];2021-12-01 00:00:00 - 2022-12-01 00:00:00;2022-12-01 00:00:00 - 2022-12-23 00:00:00;rf;(300 10 4 1);24;72;zscore;104.73511505126952;0.0439527034759521;82.22568499634198;66.69026603112317
79;['demanda_electrica' 'generacion_solar' 'generacion_eolica' 'precio_gas' 'hora_sin' 'hora_cos' 'diasemana_sin' 'diasemana_cos' 'precio_electricidad'];2021-12-01 00:00:00 - 2022-12-01 00:00:00;2022-12-01 00:00:00 - 2022-12-23 00:00:00;rf;(300 10 4 1);24;168;zscore;227.06260418891907;0.044595718383789;98.4235734273421;71.97717924872246
80;['demanda_electrica' 'generacion_solar' 'generacion_eolica' 'precio_gas' 'hora_sin' 'hora_cos' 'diasemana_sin' 'diasemana_cos' 'precio_electricidad'];2021-12-01 00:00:00 - 2022-12-01 00:00:00;2022-12-01 00:00:00 - 2022-12-23 00:00:00;xgb;('gbtree' 300 10 0.8 0.8 6);24;24;zscore;162.25750279426575;0.015740156173706;70.38907305829228;62.09831283718136
81;['demanda_electrica' 'generacion_solar' 'generacion_eolica' 'precio_gas' 'hora_sin' 'hora_cos' 'diasemana_sin' 'diasemana_cos' 'precio_electricidad'];2021-12-01 00:00:00 - 2022-12-01 00:00:00;2022-12-01 00:00:00 - 2022-12-23 00:00:00;xgb;('gbtree' 300 10 0.8 0.8 6);24;48;zscore;273.98864698410034;0.0189235210418701;63.58116238545133;55.51803786361877
82;['demanda_electrica' 'generacion_solar' 'generacion_eolica' 'precio_gas' 'hora_sin' 'hora_cos' 'diasemana_sin' 'diasemana_cos' 'precio_electricidad'];2021-12-01 00:00:00 - 2022-12-01 00:00:00;2022-12-01 00:00:00 - 2022-12-23 00:00:00;xgb;('gbtree' 300 10 0.8 0.8 6);24;72;zscore;384.24606347084045;0.0226132869720459;59.1433583996745;48.9018790518051
83;['demanda_electrica' 'generacion_solar' 'generacion_eolica' 'precio_gas' 'hora_sin' 'hora_cos' 'diasemana_sin' 'diasemana_cos' 'precio_electricidad'];2021-12-01 00:00:00 - 2022-12-01 00:00:00;2022-12-01 00:00:00 - 2022-12-23 00:00:00;xgb;('gbtree' 300 10 0.8 0.8 6);24;168;zscore;833.7902929782867;0.0180957317352294;75.42003282123359;55.72286697208271
84;['demanda_electrica' 'generacion_solar' 'generacion_eolica' 'precio_gas' 'tmin_sevilla' 'tmax_sevilla' 'tmax_barcelona' 'tmin_barcelona' 'tmax_madrid' 'tmin_madrid' 'tmax_valencia' 'tmin_valencia' 'hora_sin' 'hora_cos' 'diasemana_sin' 'diasemana_cos' 'precio_electricidad'];2021-12-01 00:00:00 - 2022-12-01 00:00:00;2022-12-01 00:00:00 - 2022-12-23 00:00:00;m5p;(10 25);24;24;zscore;15.62116551399231;0.390911340713501;69.45922183356555;61.02817584501166
85;['demanda_electrica' 'generacion_solar' 'generacion_eolica' 'precio_gas' 'tmin_sevilla' 'tmax_sevilla' 'tmax_barcelona' 'tmin_barcelona' 'tmax_madrid' 'tmin_madrid' 'tmax_valencia' 'tmin_valencia' 'hora_sin' 'hora_cos' 'diasemana_sin' 'diasemana_cos' 'precio_electricidad'];2021-12-01 00:00:00 - 2022-12-01 00:00:00;2022-12-01 00:00:00 - 2022-12-23 00:00:00;m5p;(10 25);24;48;zscore;20.227141857147217;0.4210386276245117;69.63488393186032;60.0087257203629
86;['demanda_electrica' 'generacion_solar' 'generacion_eolica' 'precio_gas' 'tmin_sevilla' 'tmax_sevilla' 'tmax_barcelona' 'tmin_barcelona' 'tmax_madrid' 'tmin_madrid' 'tmax_valencia' 'tmin_valencia' 'hora_sin' 'hora_cos' 'diasemana_sin' 'diasemana_cos' 'precio_electricidad'];2021-12-01 00:00:00 - 2022-12-01 00:00:00;2022-12-01 00:00:00 - 2022-12-23 00:00:00;m5p;(10 25);24;72;zscore;26.32625985145569;0.3816697597503662;70.51675735413072;57.254484447810434
87;['demanda_electrica' 'generacion_solar' 'generacion_eolica' 'precio_gas' 'tmin_sevilla' 'tmax_sevilla' 'tmax_barcelona' 'tmin_barcelona' 'tmax_madrid' 'tmin_madrid' 'tmax_valencia' 'tmin_valencia' 'hora_sin' 'hora_cos' 'diasemana_sin' 'diasemana_cos' 'precio_electricidad'];2021-12-01 00:00:00 - 2022-12-01 00:00:00;2022-12-01 00:00:00 - 2022-12-23 00:00:00;m5p;(10 25);24;168;zscore;48.24313116073608;0.4225242137908935;83.82918960707075;60.04404818764578
88;['demanda_electrica' 'generacion_solar' 'generacion_eolica' 'precio_gas' 'tmin_sevilla' 'tmax_sevilla' 'tmax_barcelona' 'tmin_barcelona' 'tmax_madrid' 'tmin_madrid' 'tmax_valencia' 'tmin_valencia' 'hora_sin' 'hora_cos' 'diasemana_sin' 'diasemana_cos' 'precio_electricidad'];2021-12-01 00:00:00 - 2022-12-01 00:00:00;2022-12-01 00:00:00 - 2022-12-23 00:00:00;rf;(300 10 4 1);24;24;zscore;75.8251576423645;0.0444457530975341;91.81059728299168;84.02462529800805
89;['demanda_electrica' 'generacion_solar' 'generacion_eolica' 'precio_gas' 'tmin_sevilla' 'tmax_sevilla' 'tmax_barcelona' 'tmin_barcelona' 'tmax_madrid' 'tmin_madrid' 'tmax_valencia' 'tmin_valencia' 'hora_sin' 'hora_cos' 'diasemana_sin' 'diasemana_cos' 'precio_electricidad'];2021-12-01 00:00:00 - 2022-12-01 00:00:00;2022-12-01 00:00:00 - 2022-12-23 00:00:00;rf;(300 10 4 1);24;48;zscore;127.02579259872437;0.0452892780303955;93.02880710085932;83.27034950948203
90;['demanda_electrica' 'generacion_solar' 'generacion_eolica' 'precio_gas' 'tmin_sevilla' 'tmax_sevilla' 'tmax_barcelona' 'tmin_barcelona' 'tmax_madrid' 'tmin_madrid' 'tmax_valencia' 'tmin_valencia' 'hora_sin' 'hora_cos' 'diasemana_sin' 'diasemana_cos' 'precio_electricidad'];2021-12-01 00:00:00 - 2022-12-01 00:00:00;2022-12-01 00:00:00 - 2022-12-23 00:00:00;rf;(300 10 4 1);24;72;zscore;172.26939225196838;0.0446135997772216;98.50243702100693;87.87816954520639
91;['demanda_electrica' 'generacion_solar' 'generacion_eolica' 'precio_gas' 'tmin_sevilla' 'tmax_sevilla' 'tmax_barcelona' 'tmin_barcelona' 'tmax_madrid' 'tmin_madrid' 'tmax_valencia' 'tmin_valencia' 'hora_sin' 'hora_cos' 'diasemana_sin' 'diasemana_cos' 'precio_electricidad'];2021-12-01 00:00:00 - 2022-12-01 00:00:00;2022-12-01 00:00:00 - 2022-12-23 00:00:00;rf;(300 10 4 1);24;168;zscore;381.91421818733215;0.0446152687072753;115.22382223951251;93.27816502895968
92;['demanda_electrica' 'generacion_solar' 'generacion_eolica' 'precio_gas' 'tmin_sevilla' 'tmax_sevilla' 'tmax_barcelona' 'tmin_barcelona' 'tmax_madrid' 'tmin_madrid' 'tmax_valencia' 'tmin_valencia' 'hora_sin' 'hora_cos' 'diasemana_sin' 'diasemana_cos' 'precio_electricidad'];2021-12-01 00:00:00 - 2022-12-01 00:00:00;2022-12-01 00:00:00 - 2022-12-23 00:00:00;xgb;('gbtree' 300 10 0.8 0.8 6);24;24;zscore;267.698388338089;0.0186688899993896;66.58696918758268;58.60743623998656
93;['demanda_electrica' 'generacion_solar' 'generacion_eolica' 'precio_gas' 'tmin_sevilla' 'tmax_sevilla' 'tmax_barcelona' 'tmin_barcelona' 'tmax_madrid' 'tmin_madrid' 'tmax_valencia' 'tmin_valencia' 'hora_sin' 'hora_cos' 'diasemana_sin' 'diasemana_cos' 'precio_electricidad'];2021-12-01 00:00:00 - 2022-12-01 00:00:00;2022-12-01 00:00:00 - 2022-12-23 00:00:00;xgb;('gbtree' 300 10 0.8 0.8 6);24;48;zscore;429.587366104126;0.0227408409118652;66.27000099050775;57.33770773940379
94;['demanda_electrica' 'generacion_solar' 'generacion_eolica' 'precio_gas' 'tmin_sevilla' 'tmax_sevilla' 'tmax_barcelona' 'tmin_barcelona' 'tmax_madrid' 'tmin_madrid' 'tmax_valencia' 'tmin_valencia' 'hora_sin' 'hora_cos' 'diasemana_sin' 'diasemana_cos' 'precio_electricidad'];2021-12-01 00:00:00 - 2022-12-01 00:00:00;2022-12-01 00:00:00 - 2022-12-23 00:00:00;xgb;('gbtree' 300 10 0.8 0.8 6);24;72;zscore;598.3676054477692;0.024820327758789;66.82668916906505;54.59172710979154
95;['demanda_electrica' 'generacion_solar' 'generacion_eolica' 'precio_gas' 'tmin_sevilla' 'tmax_sevilla' 'tmax_barcelona' 'tmin_barcelona' 'tmax_madrid' 'tmin_madrid' 'tmax_valencia' 'tmin_valencia' 'hora_sin' 'hora_cos' 'diasemana_sin' 'diasemana_cos' 'precio_electricidad'];2021-12-01 00:00:00 - 2022-12-01 00:00:00;2022-12-01 00:00:00 - 2022-12-23 00:00:00;xgb;('gbtree' 300 10 0.8 0.8 6);24;168;zscore;1246.8053998947144;0.020934343338012695;83.44763082541854;61.077419539102515
